"date"	"forsale_pct"	"sold_pct"
1963-06-01	0.820342928772888	0.860092721635996
1963-07-01	0.813896225992748	0.855485082055804
1963-08-01	0.841294712808345	0.872379760516511
1963-09-01	0.815507901687783	0.886202679257089
1963-10-01	0.875139902404083	0.881595039676896
1963-11-01	0.834848010028204	0.872379760516511
1963-12-01	0.852576442673591	0.880059159816832
1964-01-01	0.841294712808345	0.867772120936318
1964-02-01	0.83968303711331	0.867772120936318
1964-03-01	0.854188118368626	0.866236241076254
1964-04-01	0.852576442673591	0.867772120936318
1964-05-01	0.867081523928907	0.864700361216189
1964-06-01	0.855799794063661	0.867772120936318
1964-07-01	0.84290638850338	0.866236241076254
1964-08-01	0.823566280162958	0.863164481356125
1964-09-01	0.812284550297712	0.863164481356125
1964-10-01	0.809061198907642	0.863164481356125
1964-11-01	0.805837847517572	0.866236241076254
1964-12-01	0.805837847517572	0.872379760516511
1965-01-01	0.799391144737431	0.867772120936318
1965-02-01	0.804226171822537	0.870843880656446
1965-03-01	0.788109414872185	0.870843880656446
1965-04-01	0.792944441957291	0.869308000796382
1965-05-01	0.775216009311904	0.876987400096704
1965-06-01	0.762322603751623	0.883130919536961
1965-07-01	0.752652549581412	0.889274438977218
1965-08-01	0.739759144021131	0.887738559117153
1965-09-01	0.73331244124099	0.887738559117153
1965-10-01	0.728477414155885	0.887738559117153
1965-11-01	0.749429198191342	0.880059159816832
1965-12-01	0.731700765545955	0.853949202195739
1966-01-01	0.73331244124099	0.837054523735032
1966-02-01	0.717195684290639	0.803265166813618
1966-03-01	0.728477414155885	0.774083449472397
1966-04-01	0.723642387070779	0.754117011291561
1966-05-01	0.702690603035323	0.729542933530533
1966-06-01	0.691408873170077	0.708040615489633
1966-07-01	0.672068764829655	0.688074177308797
1966-08-01	0.660787034964409	0.67117949884809
1966-09-01	0.662398710659444	0.652748940527319
1966-10-01	0.638223575233917	0.645069541226997
1966-11-01	0.626941845368671	0.645069541226997
1966-12-01	0.628553521063706	0.655820700247447
1967-01-01	0.622106818283565	0.665035979407833
1967-02-01	0.62049514258853	0.68193065786854
1967-03-01	0.61727179119846	0.70343297590944
1967-04-01	0.610825088418319	0.72493529395034
1967-05-01	0.607601737028249	0.737222332830854
1967-06-01	0.610825088418319	0.749509371711368
1967-07-01	0.589873304382863	0.758724650871754
1967-08-01	0.573756547432511	0.775619329332461
1967-09-01	0.585038277297757	0.783298728632782
1967-10-01	0.604378385638179	0.786370488352911
1967-11-01	0.605990061333214	0.777155209192525
1967-12-01	0.607601737028249	0.76793993003214
1968-01-01	0.609213412723284	0.764868170312011
1968-02-01	0.610825088418319	0.764868170312011
1968-03-01	0.618883466893495	0.761796410591883
1968-04-01	0.646281953709093	0.754117011291561
1968-05-01	0.647893629404128	0.751045251571433
1968-06-01	0.649505305099163	0.752581131431497
1968-07-01	0.651116980794198	0.751045251571433
1968-08-01	0.654340332184268	0.74643761199124
1968-09-01	0.662398710659444	0.741829972411047
1968-10-01	0.680127143304831	0.73568645297079
1968-11-01	0.697855575950217	0.73568645297079
1968-12-01	0.694632224560147	0.740294092550983
1969-01-01	0.691408873170077	0.732614693250661
1969-02-01	0.684962170389936	0.721863534230211
1969-03-01	0.694632224560147	0.709576495349697
1969-04-01	0.710748981510498	0.697289456469183
1969-05-01	0.718807359985674	0.695753576609119
1969-06-01	0.720419035680709	0.689610057168861
1969-07-01	0.718807359985674	0.689610057168861
1969-08-01	0.709137305815463	0.672715378708154
1969-09-01	0.715584008595604	0.661964219687704
1969-10-01	0.73331244124099	0.661964219687704
1969-11-01	0.723642387070779	0.661964219687704
1969-12-01	0.725254062765815	0.661964219687704
1970-01-01	0.684962170389936	0.669643618988026
1970-02-01	0.680127143304831	0.68193065786854
1970-03-01	0.694632224560147	0.700361216189311
1970-04-01	0.704302278730358	0.718791774510083
1970-05-01	0.705913954425393	0.732614693250661
1970-06-01	0.702690603035323	0.74643761199124
1970-07-01	0.709137305815463	0.763332290451947
1970-08-01	0.693020548865112	0.794049887653232
1970-09-01	0.697855575950217	0.833982764014904
1970-10-01	0.697855575950217	0.864700361216189
1970-11-01	0.691408873170077	0.887738559117153
1970-12-01	0.720419035680709	0.910776757018118
1971-01-01	0.707525630120428	0.941494354219403
1971-02-01	0.693020548865112	0.962996672260303
1971-03-01	0.715584008595604	0.970676071560625
1971-04-01	0.738147468326096	0.982963110441139
1971-05-01	0.762322603751623	0.998321909041782
1971-06-01	0.794556117652326	1.00907306806223
1971-07-01	0.799391144737431	1.01828834722262
1971-08-01	0.812284550297712	1.02903950624307
1971-09-01	0.847741415588486	1.02596774652294
1971-10-01	0.876751578099118	1.03057538610313
1971-11-01	0.905761740609751	1.03979066526352
1971-12-01	0.936383578815418	1.04593418470377
1972-01-01	0.95250033576577	1.04439830484371
1972-02-01	0.973452119801227	1.05975710344435
1972-03-01	1.01535568787214	1.07665178190506
1972-04-01	1.04436585038277	1.0966182200859
1972-05-01	1.08949276984376	1.09815409994596
1972-06-01	1.14590141916999	1.10276173952615
1972-07-01	1.16201817612034	1.10890525896641
1972-08-01	1.20875677127636	1.11504877840667
1972-09-01	1.23293190670188	1.12733581728718
1972-10-01	1.27322379907776	1.12426405756705
1972-11-01	1.3022339615884	1.12579993742712
1972-12-01	1.32963244840399	1.12272817770699
1973-01-01	1.33124412409903	1.10890525896641
1973-02-01	1.31996239423378	1.07818766176512
1973-03-01	1.32640909701392	1.05514946386416
1973-04-01	1.33607915118413	1.01982422708268
1973-05-01	1.34252585396427	0.998321909041782
1973-06-01	1.36347763799973	0.972211951420689
1973-07-01	1.38765277342526	0.944566113939532
1973-08-01	1.3940994762054	0.919992036178503
1973-09-01	1.37798271925505	0.900025597997668
1973-10-01	1.37153601647491	0.884666799397025
1973-11-01	1.35703093521959	0.873915640376575
1973-12-01	1.35380758382952	0.857020961915868
1974-01-01	1.33285579979406	0.847805682755482
1974-02-01	1.32963244840399	0.837054523735032
1974-03-01	1.30868066436854	0.829375124434711
1974-04-01	1.30545731297847	0.817088085554197
1974-05-01	1.28128217755294	0.806336926533747
1974-06-01	1.26516542060259	0.797121647373361
1974-07-01	1.22970855531181	0.784834608492847
1974-08-01	1.20714509558132	0.769475809892204
1974-09-01	1.16685320320544	0.752581131431497
1974-10-01	1.1555714733402	0.754117011291561
1974-11-01	1.13623136499978	0.752581131431497
1974-12-01	1.12172628374446	0.754117011291561
1975-01-01	1.11527958096432	0.758724650871754
1975-02-01	1.11205622957425	0.771011689752268
1975-03-01	1.07498768858844	0.77869108905259
1975-04-01	1.05403590455298	0.797121647373361
1975-05-01	1.03791914760263	0.82169572513439
1975-06-01	1.03308412051753	0.844733923035354
1975-07-01	1.03469579621256	0.863164481356125
1975-08-01	1.02986076912746	0.892346198697346
1975-09-01	1.03147244482249	0.909240877158053
1975-10-01	1.05403590455298	0.921527916038568
1975-11-01	1.02341406634732	0.918456156318439
1975-12-01	1.01374401217711	0.92613555561876
1976-01-01	1.00407395800689	0.935350834779146
1976-02-01	0.989568876751578	0.944566113939532
1976-03-01	1.02180239065228	0.962996672260303
1976-04-01	1.03469579621256	0.976819591000882
1976-05-01	1.05887093163809	0.981427230581075
1976-06-01	1.08143439136858	0.993714269461589
1976-07-01	1.09755114831893	1.01828834722262
1976-08-01	1.08626941845369	1.04132654512358
1976-09-01	1.09755114831893	1.08586706106545
1976-10-01	1.11689125665935	1.11504877840667
1976-11-01	1.13784304069481	1.15037401518815
1976-12-01	1.14590141916999	1.1780198526693
1977-01-01	1.13300801360971	1.18877101168975
1977-02-01	1.12656131082957	1.21180920959072
1977-03-01	1.14751309486502	1.23177564777155
1977-04-01	1.1604065004253	1.24406268665207
1977-05-01	1.16685320320544	1.25327796581245
1977-06-01	1.1878049872409	1.25942148525271
1977-07-01	1.2152034740565	1.25942148525271
1977-08-01	1.25227201504231	1.25174208595239
1977-09-01	1.25710704212741	1.23791916721181
1977-10-01	1.28772888033308	1.24406268665207
1977-11-01	1.3022339615884	1.24713444637219
1977-12-01	1.30545731297847	1.25174208595239
1978-01-01	1.29739893450329	1.25788560539264
1978-02-01	1.27805882616287	1.25481384567252
1978-03-01	1.29256390741819	1.25020620609232
1978-04-01	1.30868066436854	1.26095736511277
1978-05-01	1.32318574562385	1.25788560539264
1978-06-01	1.35541925952456	1.25634972553258
1978-07-01	1.35219590813449	1.25020620609232
1978-08-01	1.35219590813449	1.242526806792
1978-09-01	1.34574920535434	1.23945504707187
1978-10-01	1.32318574562385	1.21948860889104
1978-11-01	1.34736088104938	1.20105805057027
1978-12-01	1.34252585396427	1.17955573252937
1979-01-01	1.31996239423378	1.17341221308911
1979-02-01	1.29095223172315	1.16726869364885
1979-03-01	1.34897255674442	1.15498165476834
1979-04-01	1.34897255674442	1.13040757700731
1979-05-01	1.37637104356001	1.11197701868654
1979-06-01	1.35380758382952	1.08893882078557
1979-07-01	1.35380758382952	1.07358002218493
1979-08-01	1.35058423243945	1.05207770414403
1979-09-01	1.33285579979406	1.00753718820217
1979-10-01	1.32479742131889	0.952245513239853
1979-11-01	1.30384563728343	0.915384396598311
1979-12-01	1.28772888033308	0.895417958417475
1980-01-01	1.26033039351748	0.881595039676896
1980-02-01	1.22487352822671	0.870843880656446
1980-03-01	1.20069839280118	0.855485082055804
1980-04-01	1.16201817612034	0.843198043175289
1980-05-01	1.12656131082957	0.840126283455161
1980-06-01	1.10238617540404	0.837054523735032
1980-07-01	1.08788109414872	0.827839244574647
1980-08-01	1.07015266150334	0.82169572513439
1980-09-01	1.08788109414872	0.829375124434711
1980-10-01	1.09271612123383	0.841662163315225
1980-11-01	1.100774499709	0.843198043175289
1980-12-01	1.09432779692886	0.824767484854518
1981-01-01	1.07498768858844	0.795585767513297
1981-02-01	1.06692931011327	0.754117011291561
1981-03-01	1.04920087746788	0.720327654370147
1981-04-01	1.05725925594305	0.694217696749054
1981-05-01	1.04436585038277	0.675787138428283
1981-06-01	1.02341406634732	0.669643618988026
1981-07-01	1.00568563370193	0.655820700247447
1981-08-01	0.991180552446613	0.63892602178674
1981-09-01	0.983122173971438	0.618959583605905
1981-10-01	0.950888660070735	0.600529025285133
1981-11-01	0.915431794779962	0.586706106544555
1981-12-01	0.891256659354434	0.580562587104298
1982-01-01	0.884809956574294	0.572883187803976
1982-02-01	0.865469848233872	0.575954947524105
1982-03-01	0.857411469758696	0.592849625984812
1982-04-01	0.849353091283521	0.609744304445519
1982-05-01	0.828401307248064	0.62817486276629
1982-06-01	0.813896225992748	0.634318382206547
1982-07-01	0.805837847517572	0.658892459967576
1982-08-01	0.797779469042396	0.685002417588669
1982-09-01	0.799391144737431	0.717255894650018
1982-10-01	0.796167793347361	0.758724650871754
1982-11-01	0.801002820432466	0.801729286953554
1982-12-01	0.818731253077853	0.840126283455161
1983-01-01	0.830012982943099	0.870843880656446
1983-02-01	0.828401307248064	0.892346198697346
1983-03-01	0.83968303711331	0.906169117437925
1983-04-01	0.852576442673591	0.923063795898632
1983-05-01	0.876751578099118	0.932279075059018
1983-06-01	0.910596767694856	0.955317272959982
1983-07-01	0.928325200340243	0.967604311840496
1983-08-01	0.95250033576577	0.986034870161267
1983-09-01	0.968617092716121	0.995250149321653
1983-10-01	0.970228768411156	0.998321909041782
1983-11-01	0.992792228141648	0.99064250974146
1983-12-01	0.975063795496262	0.989106629881396
1984-01-01	0.971840444106192	0.99064250974146
1984-02-01	0.975063795496262	0.987570750021332
1984-03-01	1.02663741773739	0.995250149321653
1984-04-01	1.05081255316291	1.00139366876191
1984-05-01	1.07176433719837	0.996786029181717
1984-06-01	1.09432779692886	0.981427230581075
1984-07-01	1.0959394726239	0.975283711140817
1984-08-01	1.11205622957425	0.970676071560625
1984-09-01	1.10722120248914	0.976819591000882
1984-10-01	1.11850293235439	0.975283711140817
1984-11-01	1.13300801360971	0.984498990301203
1984-12-01	1.14590141916999	0.995250149321653
1985-01-01	1.14106639208488	1.01214482778236
1985-02-01	1.13945471638985	1.0321112659632
1985-03-01	1.13784304069481	1.03364714582326
1985-04-01	1.14590141916999	1.02903950624307
1985-05-01	1.14912477056006	1.04286242498365
1985-06-01	1.14106639208488	1.05668534372422
1985-07-01	1.13139633791467	1.06743650274467
1985-08-01	1.12656131082957	1.07358002218493
1985-09-01	1.12978466221964	1.10736937910635
1985-10-01	1.14590141916999	1.14423049574789
1985-11-01	1.14267806777992	1.15958929434853
1985-12-01	1.12172628374446	1.1611251742086
1986-01-01	1.13300801360971	1.15190989504821
1986-02-01	1.11689125665935	1.13808697630763
1986-03-01	1.07498768858844	1.14730225546802
1986-04-01	1.07821103997851	1.15037401518815
1986-05-01	1.08304606706362	1.14576637560795
1986-06-01	1.09755114831893	1.14883813532808
1986-07-01	1.12656131082957	1.14576637560795
1986-08-01	1.13461968930474	1.14576637560795
1986-09-01	1.14590141916999	1.12119229784692
1986-10-01	1.15879482473027	1.10276173952615
1986-11-01	1.14590141916999	1.08279530134532
1986-12-01	1.15718314903523	1.0705082624648
1987-01-01	1.14590141916999	1.06743650274467
1987-02-01	1.13784304069481	1.07358002218493
1987-03-01	1.14428974347495	1.06129298330442
1987-04-01	1.14912477056006	1.05822122358429
1987-05-01	1.13623136499978	1.05054182428397
1987-06-01	1.15718314903523	1.0321112659632
1987-07-01	1.1604065004253	1.01675246736255
1987-08-01	1.17007655459551	1.0106089479223
1987-09-01	1.17007655459551	1.00292954862197
1987-10-01	1.17007655459551	0.996786029181717
1987-11-01	1.17329990598558	0.999857788901846
1987-12-01	1.18619331154587	1.0106089479223
1988-01-01	1.18135828446076	1.01368070764242
1988-02-01	1.1604065004253	1.01828834722262
1988-03-01	1.18941666293594	1.02136010694275
1988-04-01	1.17168823029055	1.02903950624307
1988-05-01	1.1829699601558	1.02903950624307
1988-06-01	1.17974660876573	1.03671890554339
1988-07-01	1.17652325737565	1.05054182428397
1988-08-01	1.17813493307069	1.04439830484371
1988-09-01	1.17007655459551	1.02903950624307
1988-10-01	1.14912477056006	1.01675246736255
1988-11-01	1.18135828446076	1.01214482778236
1988-12-01	1.19102833863097	1.00139366876191
1989-01-01	1.1878049872409	1.00907306806223
1989-02-01	1.19102833863097	1.01214482778236
1989-03-01	1.20231006849622	1.00446542848204
1989-04-01	1.20553341988629	0.995250149321653
1989-05-01	1.21681514975153	1.00139366876191
1989-06-01	1.21359179836146	0.998321909041782
1989-07-01	1.18941666293594	0.987570750021332
1989-08-01	1.17491158168062	0.986034870161267
1989-09-01	1.17974660876573	0.986034870161267
1989-10-01	1.17974660876573	0.973747831280753
1989-11-01	1.17652325737565	0.956853152820046
1989-12-01	1.17813493307069	0.944566113939532
1990-01-01	1.17652325737565	0.919992036178503
1990-02-01	1.16685320320544	0.896953838277539
1990-03-01	1.1604065004253	0.880059159816832
1990-04-01	1.16362985181537	0.858556841775932
1990-05-01	1.1555714733402	0.838590403595097
1990-06-01	1.14106639208488	0.82169572513439
1990-07-01	1.1281729865246	0.798657527233425
1990-08-01	1.11205622957425	0.783298728632782
1990-09-01	1.09271612123383	0.772547569612333
1990-10-01	1.08143439136858	0.769475809892204
1990-11-01	1.05725925594305	0.764868170312011
1990-12-01	1.03469579621256	0.760260530731818
1991-01-01	1.01535568787214	0.755652891151625
1991-02-01	1.00246228231186	0.755652891151625
1991-03-01	0.986345525361508	0.754117011291561
1991-04-01	0.971840444106192	0.760260530731818
1991-05-01	0.963782065631016	0.76793993003214
1991-06-01	0.95250033576577	0.77869108905259
1991-07-01	0.950888660070735	0.806336926533747
1991-08-01	0.937995254510454	0.829375124434711
1991-09-01	0.939606930205489	0.837054523735032
1991-10-01	0.933160227425348	0.841662163315225
1991-11-01	0.921878497560102	0.849341562615547
1991-12-01	0.915431794779962	0.858556841775932
1992-01-01	0.905761740609751	0.872379760516511
1992-02-01	0.871916551014013	0.887738559117153
1992-03-01	0.89286833504947	0.909240877158053
1992-04-01	0.881586605184224	0.919992036178503
1992-05-01	0.878363253794153	0.924599675758696
1992-06-01	0.883198280879259	0.933814954919082
1992-07-01	0.876751578099118	0.927671435478825
1992-08-01	0.867081523928907	0.919992036178503
1992-09-01	0.859023145453732	0.92613555561876
1992-10-01	0.854188118368626	0.946101993799596
1992-11-01	0.84290638850338	0.955317272959982
1992-12-01	0.857411469758696	0.964532552120367
1993-01-01	0.855799794063661	0.96914019170056
1993-02-01	0.854188118368626	0.970676071560625
1993-03-01	0.867081523928907	0.97989135072101
1993-04-01	0.873528226709048	0.992178389601525
1993-05-01	0.883198280879259	1.00907306806223
1993-06-01	0.888033307964364	1.02289598680281
1993-07-01	0.89609168643954	1.02596774652294
1993-08-01	0.921878497560102	1.03825478540345
1993-09-01	0.929936876035278	1.05975710344435
1993-10-01	0.936383578815418	1.05822122358429
1993-11-01	0.944441957290594	1.06897238260474
1993-12-01	0.947665308680664	1.06282886316448
1994-01-01	0.947665308680664	1.05822122358429
1994-02-01	0.946053632985629	1.06129298330442
1994-03-01	0.957335362850875	1.05668534372422
1994-04-01	0.95572368715584	1.05822122358429
1994-05-01	0.971840444106192	1.04593418470377
1994-06-01	1.01696736356718	1.02903950624307
1994-07-01	1.02663741773739	1.03057538610313
1994-08-01	1.0411424989927	1.01368070764242
1994-09-01	1.0685409858083	0.992178389601525
1994-10-01	1.06531763441823	0.981427230581075
1994-11-01	1.07659936428348	0.978355470860946
1994-12-01	1.08949276984376	0.992178389601525
1995-01-01	1.09755114831893	1.0106089479223
1995-02-01	1.10722120248914	1.01675246736255
1995-03-01	1.11044455387921	1.01675246736255
1995-04-01	1.11527958096432	1.01214482778236
1995-05-01	1.12011460804942	1.01368070764242
1995-06-01	1.12333795943949	1.02136010694275
1995-07-01	1.10722120248914	1.0321112659632
1995-08-01	1.1281729865246	1.06436474302455
1995-09-01	1.13945471638985	1.07972354162519
1995-10-01	1.1604065004253	1.09815409994596
1995-11-01	1.1878049872409	1.10736937910635
1995-12-01	1.19908671710615	1.10890525896641
1996-01-01	1.19102833863097	1.11197701868654
1996-02-01	1.1555714733402	1.12733581728718
1996-03-01	1.17652325737565	1.1396228561677
1996-04-01	1.1829699601558	1.14269461588782
1996-05-01	1.16201817612034	1.15498165476834
1996-06-01	1.14428974347495	1.16419693392872
1996-07-01	1.12978466221964	1.17494809294917
1996-08-01	1.10238617540404	1.17648397280924
1996-09-01	1.06692931011327	1.19337865126995
1996-10-01	1.06370595872319	1.19337865126995
1996-11-01	1.06370595872319	1.19645041099007
1996-12-01	1.04436585038277	1.20566569015046
1997-01-01	0.994403903836684	1.21027332973065
1997-02-01	0.962170389935981	1.20873744987059
1997-03-01	0.921878497560102	1.21641684917091
1997-04-01	0.933160227425348	1.22563212833129
1997-05-01	0.923490173255137	1.23638328735174
1997-06-01	0.928325200340243	1.23638328735174
1997-07-01	0.931548551730313	1.24099092693194
1997-08-01	0.920266821865067	1.25020620609232
1997-09-01	0.917043470474997	1.25020620609232
1997-10-01	0.920266821865067	1.26863676441309
1997-11-01	0.905761740609751	1.2855314428738
1997-12-01	0.915431794779962	1.30396200119457
1998-01-01	0.908985091999821	1.31317728035496
1998-02-01	0.89931503782961	1.31778491993515
1998-03-01	0.910596767694856	1.31932079979522
1998-04-01	0.923490173255137	1.33007195881567
1998-05-01	0.920266821865067	1.34389487755624
1998-06-01	0.923490173255137	1.35925367615689
1998-07-01	0.917043470474997	1.36386131573708
1998-08-01	0.917043470474997	1.36539719559714
1998-09-01	0.934771903120383	1.37000483517734
1998-10-01	0.9492769843757	1.37614835461759
1998-11-01	0.941218605900524	1.37307659489747
1998-12-01	0.957335362850875	1.3715407150374
1999-01-01	0.915431794779962	1.37614835461759
1999-02-01	0.912208443389891	1.38075599419779
1999-03-01	0.926713524645208	1.37614835461759
1999-04-01	0.933160227425348	1.37307659489747
1999-05-01	0.944441957290594	1.35925367615689
1999-06-01	0.95250033576577	1.35311015671663
1999-07-01	0.954112011460805	1.35311015671663
1999-08-01	0.95572368715584	1.35618191643676
1999-09-01	0.973452119801227	1.36232543587702
1999-10-01	0.981510498276402	1.3500383969965
1999-11-01	0.989568876751578	1.34543075741631
1999-12-01	1.00407395800689	1.3285360789556
2000-01-01	1.00085060661682	1.32546431923547
2000-02-01	0.973452119801227	1.31778491993515
2000-03-01	1.00407395800689	1.32546431923547
2000-04-01	0.973452119801227	1.33160783867573
2000-05-01	0.978287146886332	1.33467959839586
2000-06-01	0.989568876751578	1.34696663727637
2000-07-01	0.971840444106192	1.35464603657669
2000-08-01	0.975063795496262	1.36539719559714
2000-09-01	0.968617092716121	1.37461247475753
2000-10-01	0.976675471191297	1.38382775391792
2000-11-01	0.989568876751578	1.38843539349811
2000-12-01	0.965393741326051	1.40072243237862
2001-01-01	0.957335362850875	1.40072243237862
2001-02-01	0.946053632985629	1.40225831223869
2001-03-01	0.931548551730313	1.39611479279843
2001-04-01	0.937995254510454	1.38843539349811
2001-05-01	0.947665308680664	1.39457891293837
2001-06-01	0.971840444106192	1.39611479279843
2001-07-01	0.984733849666473	1.38689951363804
2001-08-01	0.996015579531719	1.38536363377798
2001-09-01	0.999238930921789	1.37922011433772
2001-10-01	1.00246228231186	1.38229187405785
2001-11-01	1.00085060661682	1.39457891293837
2001-12-01	0.996015579531719	1.40225831223869
2002-01-01	1.00407395800689	1.41147359139907
2002-02-01	1.00246228231186	1.4360476691601
2002-03-01	1.00407395800689	1.46062174692113
2002-04-01	1.03791914760263	1.47751642538184
2002-05-01	1.05403590455298	1.48673170454222
2002-06-01	1.05725925594305	1.49287522398248
2002-07-01	1.07337601289341	1.50823402258312
2002-08-01	1.07498768858844	1.50516226286299
2002-09-01	1.07176433719837	1.51744930174351
2002-10-01	1.09110444553879	1.52512870104383
2002-11-01	1.0959394726239	1.54509513922467
2002-12-01	1.100774499709	1.58042037600614
2003-01-01	1.10883287818418	1.60653033362724
2003-02-01	1.0959394726239	1.6295685315282
2003-03-01	1.07659936428348	1.64185557040871
2003-04-01	1.09432779692886	1.65875024886942
2003-05-01	1.10238617540404	1.66335788844961
2003-06-01	1.10399785109907	1.67103728774994
2003-07-01	1.10238617540404	1.69100372593077
2003-08-01	1.10883287818418	1.72172132313206
2003-09-01	1.1281729865246	1.76011831963366
2003-10-01	1.17491158168062	1.78776415711482
2003-11-01	1.18135828446076	1.80926647515572
2003-12-01	1.20392174419125	1.80619471543559
2004-01-01	1.20875677127636	1.8015870758554
2004-02-01	1.18941666293594	1.79697943627521
2004-03-01	1.21842682544657	1.80312295571546
2004-04-01	1.23293190670188	1.8230893938963
2004-05-01	1.22809687961678	1.83537643277681
2004-06-01	1.23776693378699	1.84766347165733
2004-07-01	1.28450552894301	1.85227111123752
2004-08-01	1.30384563728343	1.86302227025797
2004-09-01	1.32640909701392	1.86916578969823
2004-10-01	1.33285579979406	1.87991694871868
2004-11-01	1.35541925952456	1.887596348019
2004-12-01	1.37475936786498	1.90295514661964
2005-01-01	1.421497963021	1.93520862368099
2005-02-01	1.4263329901061	1.94749566256151
2005-03-01	1.42794466580114	1.95517506186183
2005-04-01	1.42794466580114	1.96131858130209
2005-05-01	1.44728477414156	1.96439034102221
2005-06-01	1.47145990956709	1.97053386046247
2005-07-01	1.48757666651744	1.96592622088228
2005-08-01	1.53592693736849	1.93367274382093
2005-09-01	1.57621882974437	1.90449102647971
2005-10-01	1.58266553252451	1.87991694871868
2005-11-01	1.6277924519855	1.85227111123752
2005-12-01	1.65357926310606	1.82616115361643
2006-01-01	1.68903612839683	1.77394123837424
2006-02-01	1.72771634507767	1.74015188145283
2006-03-01	1.77606661592873	1.71097016411161
2006-04-01	1.80991180552447	1.66335788844961
2006-05-01	1.81797018399964	1.64031969054865
2006-06-01	1.83086358955992	1.61574561278762
2006-07-01	1.83731029234006	1.58042037600614
2006-08-01	1.83086358955992	1.54970277880486
2006-09-01	1.80507677843936	1.50669814272306
2006-10-01	1.79218337287908	1.48058818510197
2006-11-01	1.75833818328334	1.44526294832049
2006-12-01	1.72932802077271	1.40686595181888
2007-01-01	1.73577472355285	1.38382775391792
2007-02-01	1.7470564534181	1.34082311783612
2007-03-01	1.7518914805032	1.29935436161438
2007-04-01	1.75672650758831	1.27324440399329
2007-05-01	1.75511483189327	1.23331152763162
2007-06-01	1.74866812911313	1.19184277140988
2007-07-01	1.73255137216278	1.15805341448847
2007-08-01	1.72610466938264	1.12733581728718
2007-09-01	1.69870618256704	1.07972354162519
2007-10-01	1.66324931727627	1.027503626383
2007-11-01	1.62940412768053	0.981427230581075
2007-12-01	1.6003939651699	0.938422594499275
2008-01-01	1.57138380265927	0.900025597997668
2008-02-01	1.53431526167346	0.866236241076254
2008-03-01	1.50691677485786	0.838590403595097
2008-04-01	1.47629493665219	0.80019340709349
2008-05-01	1.4537314769217	0.772547569612333
2008-06-01	1.40215785468057	0.744901732131175
2008-07-01	1.35380758382952	0.71418413492989
2008-08-01	1.32157406992882	0.685002417588669
2008-09-01	1.27805882616287	0.657356580107512
2008-10-01	1.23293190670188	0.631246622486419
2008-11-01	1.19264001432601	0.608208424585455
2008-12-01	1.13623136499978	0.59592138570494
2009-01-01	1.09755114831893	0.588241986404619
2009-02-01	1.04758920177284	0.58517022668449
2009-03-01	1.00246228231186	0.577490827384169
2009-04-01	0.967005417021086	0.579026707244233
2009-05-01	0.936383578815418	0.577490827384169
2009-06-01	0.905761740609751	0.57441906766404
2009-07-01	0.873528226709048	0.57441906766404
2009-08-01	0.844518064198415	0.571347307943912
2009-09-01	0.815507901687783	0.579026707244233
2009-10-01	0.78327438778708	0.592849625984812
2009-11-01	0.760710928056588	0.580562587104298
2009-12-01	0.751040873886377	0.566739668363719
2010-01-01	0.747817522496307	0.548309110042948
2010-02-01	0.741370819716166	0.528342671862112
2010-03-01	0.731700765545955	0.520663272561791
2010-04-01	0.697855575950217	0.505304473961148
2010-05-01	0.694632224560147	0.496089194800762
2010-06-01	0.684962170389936	0.494553314940698
2010-07-01	0.675292116219725	0.489945675360505
2010-08-01	0.668845413439585	0.482266276060184
2010-09-01	0.652728656489233	0.469979237179669
2010-10-01	0.641446926623987	0.453084558718962
2010-11-01	0.628553521063706	0.456156318439091
2010-12-01	0.609213412723284	0.456156318439091
2011-01-01	0.599543358553073	0.457692198299155
2011-02-01	0.586649952992792	0.460763958019284
2011-03-01	0.576979898822581	0.45922807815922
2011-04-01	0.556028114787125	0.462299837879348
2011-05-01	0.541523033531808	0.466907477459541
2011-06-01	0.536688006446703	0.468443357319605
2011-07-01	0.533464655056633	0.471515117039734
2011-08-01	0.525406276581457	0.483802155920248
2011-09-01	0.520571249496351	0.493017435080634
2011-10-01	0.510901195326141	0.499160954520891
2011-11-01	0.50123114115593	0.509912113541341
2011-12-01	0.485114384205578	0.519127392701726
2012-01-01	0.478667681425438	0.528342671862112
2012-02-01	0.472220978645297	0.537557951022498
2012-03-01	0.465774275865157	0.546773230182883
2012-04-01	0.462550924475086	0.552916749623141
2012-05-01	0.464162600170121	0.560596148923462
2012-06-01	0.467385951560192	0.566739668363719
2012-07-01	0.457715897389981	0.580562587104298
2012-08-01	0.464162600170121	0.589777866264683
2012-09-01	0.467385951560192	0.600529025285133
2012-10-01	0.477056005730403	0.614351944025712
2012-11-01	0.483502708510543	0.622031343326033
2012-12-01	0.480279357120473	0.635854262066612
2013-01-01	0.478667681425438	0.635854262066612
2013-02-01	0.488337735595649	0.635854262066612
2013-03-01	0.493172762680754	0.637390141926676
2013-04-01	0.515736222411246	0.648141300947126
2013-05-01	0.522182925191387	0.654284820387383
2013-06-01	0.517347898106281	0.658892459967576
2013-07-01	0.551193087702019	0.66042833982764
2013-08-01	0.565698168957335	0.658892459967576
2013-09-01	0.593096655772933	0.655820700247447
2013-10-01	0.596320007163003	0.64967718080719
2013-11-01	0.594708331467968	0.654284820387383
2013-12-01	0.601155034248109	0.646605421087062
2014-01-01	0.609213412723284	0.64967718080719
2014-02-01	0.601155034248109	0.657356580107512
2014-03-01	0.610825088418319	0.666571859267897
2014-04-01	0.610825088418319	0.669643618988026
2014-05-01	0.618883466893495	0.668107739127962
2014-06-01	0.636611899538882	0.674251258568219
2014-07-01	0.659175359269374	0.683466537728604
2014-08-01	0.668845413439585	0.698825336329247
2014-09-01	0.67690379191476	0.709576495349697
2014-10-01	0.680127143304831	0.723399414090276
2014-11-01	0.681738818999866	0.729542933530533
2014-12-01	0.681738818999866	0.738758212690918
2015-01-01	0.667233737744549	0.751045251571433
2015-02-01	0.654340332184268	0.758724650871754
2015-03-01	0.655952007879303	0.755652891151625
2015-04-01	0.664010386354479	0.75718877101169
2015-05-01	0.672068764829655	0.764868170312011
2015-06-01	0.696243900255182	0.769475809892204
2015-07-01	0.699467251645252	0.769475809892204
2015-08-01	0.704302278730358	0.769475809892204
2015-09-01	0.722030711375744	0.775619329332461
2015-10-01	0.73008908985092	0.786370488352911
2015-11-01	0.744594171106236	0.795585767513297
2015-12-01	0.757487576666517	0.804801046673682
2016-01-01	0.763934279446658	0.82169572513439
2016-02-01	0.770380982226799	0.829375124434711
2016-03-01	0.780051036397009	0.843198043175289
2016-04-01	0.773604333616869	0.853949202195739
2016-05-01	0.770380982226799	0.863164481356125
2016-06-01	0.781662712092045	0.863164481356125